time_utc_iso,twl_ft_mllw,tide_ft_mllw,surge_ft,src_time
2026-04-12T12:00:00.000Z,2.23,1.894,0,202604121200
2026-04-12T13:00:00.000Z,1.58,1.191,0,202604121300
2026-04-12T14:00:00.000Z,1.118,0.726,0,202604121400
2026-04-12T15:00:00.000Z,0.928,0.659,0,202604121500
2026-04-12T16:00:00.000Z,1.059,1.001,0,202604121600
2026-04-12T17:00:00.000Z,1.528,1.591,0,202604121700
2026-04-12T18:00:00.000Z,2.128,2.25,0,202604121800
2026-04-12T19:00:00.000Z,2.679,2.852,0,202604121900
2026-04-12T20:00:00.000Z,3.217,3.27,0,202604122000
2026-04-12T21:00:00.000Z,3.45,3.383,0,202604122100
2026-04-12T22:00:00.000Z,3.279,3.128,0,202604122200
2026-04-12T23:00:00.000Z,2.929,2.572,0,202604122300
2026-04-13T00:00:00.000Z,2.368,1.893,0,202604130000
2026-04-13T01:00:00.000Z,1.639,1.262,0,202604130100
2026-04-13T02:00:00.000Z,1.17,0.819,0,202604130200
2026-04-13T03:00:00.000Z,0.97,0.715,0,202604130300
2026-04-13T04:00:00.000Z,1.128,1.023,0,202604130400
2026-04-13T05:00:00.000Z,1.669,1.636,0,202604130500
2026-04-13T06:00:00.000Z,2.328,2.37,0.1,202604130600
2026-04-13T07:00:00.000Z,3.07,3.089,0.1,202604130700
2026-04-13T08:00:00.000Z,3.768,3.672,0.1,202604130800
2026-04-13T09:00:00.000Z,4.159,3.975,0.1,202604130900
2026-04-13T10:00:00.000Z,4.037,3.872,0.1,202604131000
2026-04-13T11:00:00.000Z,3.607,3.348,0,202604131100
2026-04-13T12:00:00.000Z,2.889,2.541,0,202604131200
2026-04-13T13:00:00.000Z,2.049,1.662,0,202604131300
2026-04-13T14:00:00.000Z,1.21,0.902,0,202604131400
2026-04-13T15:00:00.000Z,0.531,0.456,0,202604131500
2026-04-13T16:00:00.000Z,0.259,0.48,0,202604131600
2026-04-13T17:00:00.000Z,0.551,0.951,-0.1,202604131700
2026-04-13T18:00:00.000Z,1.098,1.678,-0.1,202604131800
2026-04-13T19:00:00.000Z,1.718,2.469,-0.1,202604131900
2026-04-13T20:00:00.000Z,2.469,3.18,-0.2,202604132000
2026-04-13T21:00:00.000Z,3.03,3.656,-0.2,202604132100
2026-04-13T22:00:00.000Z,3.329,3.755,-0.2,202604132200
2026-04-13T23:00:00.000Z,3.089,3.417,-0.3,202604132300
2026-04-14T00:00:00.000Z,2.519,2.732,-0.2,202604140000
2026-04-14T01:00:00.000Z,1.728,1.906,-0.3,202604140100
2026-04-14T02:00:00.000Z,1,1.137,-0.3,202604140200
2026-04-14T03:00:00.000Z,0.35,0.602,-0.3,202604140300
2026-04-14T04:00:00.000Z,0.059,0.48,-0.3,202604140400
2026-04-14T05:00:00.000Z,0.39,0.831,-0.4,202604140500
2026-04-14T06:00:00.000Z,1.01,1.521,-0.4,202604140600
2026-04-14T07:00:00.000Z,1.82,2.349,-0.4,202604140700
2026-04-14T08:00:00.000Z,2.699,3.16,-0.3,202604140800
2026-04-14T09:00:00.000Z,3.509,3.796,-0.3,202604140900
2026-04-14T10:00:00.000Z,4.047,4.086,-0.3,202604141000
2026-04-14T11:00:00.000Z,4.08,3.902,-0.3,202604141100
2026-04-14T12:00:00.000Z,3.548,3.256,-0.2,202604141200
2026-04-14T13:00:00.000Z,2.679,2.326,-0.2,202604141300
2026-04-14T14:00:00.000Z,1.758,1.358,-0.2,202604141400
2026-04-14T15:00:00.000Z,0.898,0.571,-0.2,202604141500
2026-04-14T16:00:00.000Z,0.278,0.186,-0.2,202604141600
2026-04-14T17:00:00.000Z,0.259,0.348,-0.2,202604141700
2026-04-14T18:00:00.000Z,0.829,0.989,-0.1,202604141800
2026-04-14T19:00:00.000Z,1.59,1.883,-0.1,202604141900
2026-04-14T20:00:00.000Z,2.479,2.817,-0.1,202604142000
2026-04-14T21:00:00.000Z,3.388,3.616,-0.1,202604142100
2026-04-14T22:00:00.000Z,4.09,4.102,0,202604142200
2026-04-14T23:00:00.000Z,4.349,4.127,0,202604142300
2026-04-15T00:00:00.000Z,3.988,3.652,0,202604150000
2026-04-15T01:00:00.000Z,3.23,2.802,0,202604150100
2026-04-15T02:00:00.000Z,2.299,1.813,0,202604150200
2026-04-15T03:00:00.000Z,1.479,0.911,0,202604150300
2026-04-15T04:00:00.000Z,0.698,0.311,0,202604150400
2026-04-15T05:00:00.000Z,0.39,0.211,0,202604150500
2026-04-15T06:00:00.000Z,0.731,0.647,0,202604150600
2026-04-15T07:00:00.000Z,1.469,1.449,0,202604150700
2026-04-15T08:00:00.000Z,2.368,2.39,0,202604150800
2026-04-15T09:00:00.000Z,3.427,3.282,0,202604150900
2026-04-15T10:00:00.000Z,4.188,3.939,0,202604151000
2026-04-15T11:00:00.000Z,4.7,4.172,0,202604151100
2026-04-15T12:00:00.000Z,4.637,3.872,0.1,202604151200
2026-04-15T13:00:00.000Z,3.968,3.091,0.1,202604151300
2026-04-15T14:00:00.000Z,3.07,2.049,0.2,202604151400
2026-04-15T15:00:00.000Z,1.958,1.018,0.2,202604151500
2026-04-15T16:00:00.000Z,1.039,0.245,0.2,202604151600
2026-04-15T17:00:00.000Z,0.449,-0.03,0.2,202604151700
2026-04-15T18:00:00.000Z,0.639,0.311,0.3,202604151800
2026-04-15T19:00:00.000Z,1.39,1.147,0.3,202604151900
2026-04-15T20:00:00.000Z,2.299,2.209,0.3,202604152000
2026-04-15T21:00:00.000Z,3.378,3.257,0.3,202604152100
2026-04-15T22:00:00.000Z,4.309,4.092,0.3,202604152200
2026-04-15T23:00:00.000Z,4.857,4.528,0.3,202604152300
2026-04-16T00:00:00.000Z,4.919,4.429,0.3,202604160000
2026-04-16T01:00:00.000Z,4.48,3.786,0.3,202604160100
2026-04-16T02:00:00.000Z,3.627,2.764,0.3,202604160200
2026-04-16T03:00:00.000Z,2.587,1.624,0.3,202604160300
2026-04-16T04:00:00.000Z,1.557,0.619,0.3,202604160400
2026-04-16T05:00:00.000Z,0.708,0,0.3,202604160500
2026-04-16T06:00:00.000Z,0.38,-0.031,0.3,202604160600
2026-04-16T07:00:00.000Z,0.869,0.525,0.3,202604160700
2026-04-16T08:00:00.000Z,1.767,1.452,0.3,202604160800
2026-04-16T09:00:00.000Z,2.778,2.491,0.3,202604160900
2026-04-16T10:00:00.000Z,3.847,3.428,0.3,202604161000
2026-04-16T11:00:00.000Z,4.618,4.057,0.3,202604161100
2026-04-16T12:00:00.000Z,4.949,4.199,0.3,202604161200
2026-04-16T13:00:00.000Z,4.667,3.769,0.3,202604161300
2026-04-16T14:00:00.000Z,3.968,2.862,0.4,202604161400
2026-04-16T15:00:00.000Z,2.86,1.734,0.4,202604161500
2026-04-16T16:00:00.000Z,1.8,0.679,0.4,202604161600
2026-04-16T17:00:00.000Z,0.918,-0.031,0.4,202604161700
2026-04-16T18:00:00.000Z,0.419,-0.152,0.4,202604161800
2026-04-16T19:00:00.000Z,0.849,0.393,0.4,202604161900
2026-04-16T20:00:00.000Z,1.781,1.416,0.5,202604162000
2026-04-16T21:00:00.000Z,2.778,2.61,0.5,202604162100
2026-04-16T22:00:00.000Z,3.988,3.715,0.5,202604162200
2026-04-16T23:00:00.000Z,4.939,4.527,0.5,202604162300
2026-04-17T00:00:00.000Z,5.408,4.865,0.5,202604170000
2026-04-17T01:00:00.000Z,5.349,4.618,0.5,202604170100
2026-04-17T02:00:00.000Z,4.788,3.809,0.5,202604170200
2026-04-17T03:00:00.000Z,3.89,2.634,0.4,202604170300
2026-04-17T04:00:00.000Z,2.728,1.378,0.4,202604170400
2026-04-17T05:00:00.000Z,1.557,0.32,0.4,202604170500
2026-04-17T06:00:00.000Z,0.629,-0.263,0.3,202604170600
2026-04-17T07:00:00.000Z,0.308,-0.182,0.3,202604170700
2026-04-17T08:00:00.000Z,0.79,0.506,0.3,202604170800
2026-04-17T09:00:00.000Z,1.849,1.535,0.3,202604170900
2026-04-17T10:00:00.000Z,2.748,2.627,0.3,202604171000
2026-04-17T11:00:00.000Z,3.778,3.556,0.3,202604171100
2026-04-17T12:00:00.000Z,4.572,4.119,0.4,202604171200
2026-04-17T13:00:00.000Z,4.834,4.149,0.5,202604171300
2026-04-17T14:00:00.000Z,4.451,3.594,0.5,202604171400
2026-04-17T15:00:00.000Z,3.579,2.584,0.5,202604171500
2026-04-17T16:00:00.000Z,2.443,1.407,0.5,202604171600
2026-04-17T17:00:00.000Z,1.348,0.374,0.5,202604171700
2026-04-17T18:00:00.000Z,0.61,-0.225,0.5,202604171800
2026-04-17T19:00:00.000Z,0.583,-0.161,0.6,202604171900
2026-04-17T20:00:00.000Z,1.115,0.582,0.6,202604172000
2026-04-17T21:00:00.000Z,2.114,1.752,0.6,202604172100
2026-04-17T22:00:00.000Z,3.301,3.015,0.6,202604172200
2026-04-17T23:00:00.000Z,4.438,4.115,0.6,202604172300
2026-04-18T00:00:00.000Z,5.413,4.857,0.7,202604180000
2026-04-18T01:00:00.000Z,5.734,5.079,0.6,202604180100
2026-04-18T02:00:00.000Z,5.663,4.687,0.7,202604180200
2026-04-18T03:00:00.000Z,4.904,3.735,0.7,202604180300
2026-04-18T04:00:00.000Z,3.737,2.449,0.7,202604180400
2026-04-18T05:00:00.000Z,2.54,1.133,0.8,202604180500
2026-04-18T06:00:00.000Z,1.409,0.085,0.8,202604180600
2026-04-18T07:00:00.000Z,0.757,-0.41,0.8,202604180700
2026-04-18T08:00:00.000Z,0.795,-0.201,0.8,202604180800
2026-04-18T09:00:00.000Z,1.561,0.593,0.9,202604180900
2026-04-18T10:00:00.000Z,2.565,1.673,0.9,202604181000
2026-04-18T11:00:00.000Z,3.608,2.76,0.9,202604181100
2026-04-18T12:00:00.000Z,4.486,3.637,0.9,202604181200
2026-04-18T13:00:00.000Z,5.047,4.108,0.9,202604181300
2026-04-18T14:00:00.000Z,5.137,4.024,0.9,202604181400
2026-04-18T15:00:00.000Z,4.649,3.358,0.9,202604181500
2026-04-18T16:00:00.000Z,3.671,2.28,0.9,202604181600
2026-04-18T17:00:00.000Z,2.489,1.1,0.9,202604181700
2026-04-18T18:00:00.000Z,1.442,0.14,0.9,202604181800
2026-04-18T19:00:00.000Z,0.827,-0.312,0.9,202604181900
2026-04-18T20:00:00.000Z,0.965,-0.061,1,202604182000
2026-04-18T21:00:00.000Z,1.669,0.838,1,202604182100
2026-04-18T22:00:00.000Z,2.81,2.085,1,202604182200
2026-04-18T23:00:00.000Z,4.071,3.35,1,202604182300
2026-04-19T00:00:00.000Z,5.196,4.398,1,202604190000
2026-04-19T01:00:00.000Z,5.998,5.051,1,202604190100
2026-04-19T02:00:00.000Z,6.319,5.161,1,202604190200
2026-04-19T03:00:00.000Z,6.033,4.65,1,202604190300
2026-04-19T04:00:00.000Z,5.151,3.599,1,202604190400
2026-04-19T05:00:00.000Z,3.893,2.263,1,202604190500
2026-04-19T06:00:00.000Z,2.565,0.954,1,202604190600
2026-04-19T07:00:00.000Z,1.482,-0.025,1,202604190700
2026-04-19T08:00:00.000Z,0.944,-0.407,1,202604190800
2026-04-19T09:00:00.000Z,1.109,-0.088,1,202604190900
2026-04-19T10:00:00.000Z,1.828,0.758,1,202604191000
2026-04-19T11:00:00.000Z,2.691,1.826,0.9,202604191100
2026-04-19T12:00:00.000Z,3.652,2.857,0.9,202604191200
2026-04-19T13:00:00.000Z,4.37,3.652,0.8,202604191300
2026-04-19T14:00:00.000Z,4.782,4.024,0.7,202604191400
2026-04-19T15:00:00.000Z,4.678,3.834,0.6,202604191500
2026-04-19T16:00:00.000Z,3.964,3.086,0.5,202604191600
2026-04-19T17:00:00.000Z,2.81,1.985,0.4,202604191700
2026-04-19T18:00:00.000Z,1.653,0.854,0.4,202604191800
2026-04-19T19:00:00.000Z,0.606,0.008,0.3,202604191900
2026-04-19T20:00:00.000Z,0.141,-0.286,0.3,202604192000
2026-04-19T21:00:00.000Z,0.463,0.116,0.4,202604192100
2026-04-19T22:00:00.000Z,1.333,1.102,0.4,202604192200
2026-04-19T23:00:00.000Z,2.545,2.353,0.4,202604192300
2026-04-20T00:00:00.000Z,3.876,3.567,0.5,202604200000
2026-04-20T01:00:00.000Z,4.929,4.54,0.5,202604200100
2026-04-20T02:00:00.000Z,5.563,5.107,0.4,202604200200
2026-04-20T03:00:00.000Z,5.799,5.124,0.4,202604200300
2026-04-20T04:00:00.000Z,5.401,4.532,0.4,202604200400
2026-04-20T05:00:00.000Z,4.434,3.441,0.4,202604200500
2026-04-20T06:00:00.000Z,3.061,2.123,0.3,202604200600
2026-04-20T07:00:00.000Z,1.783,0.884,0.3,202604200700
2026-04-20T08:00:00.000Z,0.79,0.008,0.3,202604200800
2026-04-20T09:00:00.000Z,0.362,-0.268,0.3,202604200900
2026-04-20T10:00:00.000Z,0.59,0.11,0.3,202604201000
2026-04-20T11:00:00.000Z,1.179,0.945,0.2,202604201100
2026-04-20T12:00:00.000Z,2.051,1.95,0.2,202604201200
2026-04-20T13:00:00.000Z,2.846,2.899,0.1,202604201300
2026-04-20T14:00:00.000Z,3.629,3.604,0.1,202604201400
2026-04-20T15:00:00.000Z,4.064,3.881,0.1,202604201500
2026-04-20T16:00:00.000Z,3.927,3.607,0.1,202604201600
2026-04-20T17:00:00.000Z,3.216,2.819,0.1,202604201700
2026-04-20T18:00:00.000Z,2.175,1.747,0.1,202604201800
2026-04-20T19:00:00.000Z,1.12,0.713,0.1,202604201900
2026-04-20T20:00:00.000Z,0.316,0,0.1,202604202000
2026-04-20T21:00:00.000Z,0.024,-0.163,0.1,202604202100
2026-04-20T22:00:00.000Z,0.409,0.325,0.1,202604202200
2026-04-20T23:00:00.000Z,1.343,1.32,0.1,202604202300
2026-04-21T00:00:00.000Z,2.501,2.516,0.1,202604210000
2026-04-21T01:00:00.000Z,3.644,3.652,0.1,202604210100
2026-04-21T02:00:00.000Z,4.636,4.547,0.1,202604210200
2026-04-21T03:00:00.000Z,5.308,5.041,0.1,202604210300
2026-04-21T04:00:00.000Z,5.449,4.994,0.1,202604210400
2026-04-21T05:00:00.000Z,4.971,4.368,0.1,202604210500
2026-04-21T06:00:00.000Z,4,3.301,0.1,202604210600
2026-04-21T07:00:00.000Z,2.889,2.064,0.2,202604210700
2026-04-21T08:00:00.000Z,1.696,0.932,0.2,202604210800
2026-04-21T09:00:00.000Z,0.798,0.156,0.2,202604210900
2026-04-21T10:00:00.000Z,0.447,-0.053,0.2,202604211000
2026-04-21T11:00:00.000Z,0.668,0.327,0.2,202604211100
2026-04-21T12:00:00.000Z,1.268,1.103,0.2,202604211200
2026-04-21T13:00:00.000Z,2.162,2.022,0.3,202604211300
2026-04-21T14:00:00.000Z,3.023,2.885,0.3,202604211400
2026-04-21T15:00:00.000Z,3.746,3.508,0.3,202604211500
2026-04-21T16:00:00.000Z,4.059,3.71,0.3,202604211600
2026-04-21T17:00:00.000Z,3.874,3.389,0.3,202604211700
2026-04-21T18:00:00.000Z,3.097,2.612,0.3,202604211800
